ID;search_name;name;synonyms;formula;num_carbons;mol_weight;inchi;inchi_key;cas_rn;mol_refs;Tfus;Tboil;Pc;Tc;ρc;ΔfH°gas;ΔfH°liquid;ΔfH°solid
C76039;Trichloroacetic Acid;Trichloroacetic Acid;['Acetic acid, trichloro-', 'Aceto-Caustin', 'Amchem Grass Killer', 'Trichloroethanoic acid', 'TCA', 'CCl3COOH', 'Acide trichloracetique', 'Acido tricloroacetico', 'Trichloorazijnzuur', 'Trichloracetic acid', 'Trichloressigsaeure', 'Konesta', 'Kyselina trichloroctova', 'UN 1839', 'TKhUK', 'TKhU', 'Acetic acid, 2,2,2-trichloro-', 'NSC 215204'];C2HCl3O2;2;163.387;InChI=1S/C2HCl3O2/c3-2(4,5)1(6)7/h(H,6,7);YNJBWRMUSHSURL-UHFFFAOYSA-N;76-03-9;{'mol2D': 'https://webbook.nist.gov/cgi/cbook.cgi?Str2File=C76039'};332.19;469.42;;;;-433.67;;
C64186;Formic Acid;Formic acid;['Methanoic acid', 'Aminic acid', 'Bilorin', 'Collo-Bueglatt', 'Collo-Didax', 'Formisoton', 'Formylic acid', 'Hydrogen carboxylic acid', 'Myrmicyl', 'HCOOH', 'Acide formique', 'Acido formico', 'Ameisensaeure', 'Kwas metaniowy', 'Kyselina mravenci', 'Mierenzuur', 'Rcra waste number U123', 'UN 1779', 'Formira', 'Add-F', 'Amasil'];CH2O2;1;46.0254;InChI=1S/CH2O2/c2-1-3/h1H,(H,2,3);BDAGIHXWWSANSR-UHFFFAOYSA-N;64-18-6;{'mol2D': 'https://webbook.nist.gov/cgi/cbook.cgi?Str2File=C64186', 'mol3D': 'https://webbook.nist.gov/cgi/cbook.cgi?Str3File=C64186'};281.5;373.9;;581.67;;-378.72;-425.13;
C143077;Lauric Acid;Dodecanoic acid;['n-Dodecanoic acid', 'Neo-fat 12', 'Aliphat no. 4', 'ABL', 'Dodecylic acid', 'Lauric acid', 'Laurostearic acid', 'Neo-fat 12-43', 'Ninol aa62 extra', 'Univol U-314', 'Vulvic acid', '1-Undecanecarboxylic acid', 'Duodecylic acid', 'C-1297', 'Hydrofol acid 1255', 'Hydrofol acid 1295', 'Wecoline 1295', 'Dodecoic acid', 'Hystrene 9512', 'Lunac L 70', 'Emery 650', 'Philacid 1200', 'Prifrac 2920', 'Undecane-1-carboxylic acid', 'Acide Laurique', 'Emery 651', 'Lauric acid (dodecanoic acid)', 'Dodecanoic (Lauric) acid', 'dodecanoic acid (lauric acid)'];C12H24O2;12;200.3178;InChI=1S/C12H24O2/c1-2-3-4-5-6-7-8-9-10-11-12(13)14/h2-11H2,1H3,(H,13,14);POULHZVOKOAJMA-UHFFFAOYSA-N;143-07-7;{'mol2D': 'https://webbook.nist.gov/cgi/cbook.cgi?Str2File=C143077', 'mol3D': 'https://webbook.nist.gov/cgi/cbook.cgi?Str3File=C143077'};317.0;571.0;18.68;743.43;;;;
C79107;Acrylic Acid;2-Propenoic acid;['Acrylic acid', 'Acroleic acid', 'Ethylenecarboxylic acid', 'Propenoic acid', 'Vinylformic acid', 'CH2=CHCOOH', 'Propene acid', 'Kyselina akrylova', 'Rcra waste number U008', 'Glacial acrylic acid', 'NSC 4765'];C3H4O2;3;72.0627;InChI=1S/C3H4O2/c1-2-3(4)5/h2H,1H2,(H,4,5);NIXOWILDQLNWCW-UHFFFAOYSA-N;79-10-7;{'mol2D': 'https://webbook.nist.gov/cgi/cbook.cgi?Str2File=C79107', 'mol3D': 'https://webbook.nist.gov/cgi/cbook.cgi?Str3File=C79107'};286.43;413.5;52.43;616.57;;-330.77;-380.8;
C65850;Benzoic Acid;Benzoic acid;['Benzenecarboxylic acid', 'Benzeneformic acid', 'Benzenemethanoic acid', 'Benzoesaeure GK', 'Benzoesaeure GV', 'Carboxybenzene', 'Dracylic acid', 'Phenylcarboxylic acid', 'Phenylformic acid', 'Retarder BA', 'Retardex', 'Salvo, liquid', 'Solvo, powder', 'Tenn-Plas', 'Acide benzoique', 'Benzoic acid, tech.', 'Kyselina benzoova', 'Benzoesaeure', 'Salvo powder', 'E 210', 'HA 1', 'HA 1 (acid)', 'Phenylcarboxy', 'Benzenemethonic acid', 'Diacylic acid', 'Flowers of benjamin', 'Flowers of benzoin', 'Oracylic acid', 'Retarder BAX', 'NSC 149'];C7H6O2;7;122.1213;InChI=1S/C7H6O2/c8-7(9)6-4-2-1-3-5-6/h1-5H,(H,8,9);WPYMKLBDIGXBTP-UHFFFAOYSA-N;65-85-0;{'mol2D': 'https://webbook.nist.gov/cgi/cbook.cgi?Str2File=C65850', 'mol3D': 'https://webbook.nist.gov/cgi/cbook.cgi?Str3File=C65850'};395.2;522.74;;;;;;-385.4
C64197;Acetic Acid;Acetic acid;['Ethanoic acid', 'Ethylic acid', 'Glacial acetic acid', 'Methanecarboxylic acid', 'Vinegar acid', 'CH3COOH', 'Acetasol', 'Acide acetique', 'Acido acetico', 'Azijnzuur', 'Essigsaeure', 'Octowy kwas', 'Acetic acid, glacial', 'Kyselina octova', 'UN 2789', 'Aci-jel', 'Shotgun', 'Ethanoic acid monomer', 'NSC 132953'];C2H4O2;2;60.052;InChI=1S/C2H4O2/c1-2(3)4/h1H3,(H,3,4);QTBSBXVTEAMEQO-UHFFFAOYSA-N;64-19-7;{'mol2D': 'https://webbook.nist.gov/cgi/cbook.cgi?Str2File=C64197', 'mol3D': 'https://webbook.nist.gov/cgi/cbook.cgi?Str3File=C64197'};289.6;391.2;57.94;593.0;5.84;-433.0;-484.78;
C124072;Caprylic Acid;Octanoic acid;['n-Caprylic acid', 'n-Octanoic acid', 'n-Octoic acid', 'n-Octylic acid', 'Neo-Fat 8', 'Caprylic acid', 'Enantic acid', 'Octylic acid', '1-Heptanecarboxylic acid', 'Heptane-1-carboxylic acid', 'Octic acid', 'Hexacid 898', 'C-8 Acid', 'Kyselina kaprylova', 'Lunac 8-95', 'Emery 657', 'Octoic acid', 'Prifac 2901', '1-Octanoic acid', 'NSC 5024', 'Prifrac 2901'];C8H16O2;8;144.2114;InChI=1S/C8H16O2/c1-2-3-4-5-6-7-8(9)10/h2-7H2,1H3,(H,9,10);WWZKQHOCKIZLMA-UHFFFAOYSA-N;124-07-2;{'mol2D': 'https://webbook.nist.gov/cgi/cbook.cgi?Str2File=C124072', 'mol3D': 'https://webbook.nist.gov/cgi/cbook.cgi?Str3File=C124072'};289.3;510.0;27.11;694.73;;-555.42;-635.84;
C57114;Stearic Acid;Octadecanoic acid;['Stearic acid', 'n-Octadecanoic acid', 'Humko Industrene R', 'Hydrofol Acid 150', 'Hystrene S-97', 'Hystrene T-70', 'Hystrene 80', 'Industrene R', 'Kam 1000', 'Kam 2000', 'Kam 3000', 'Neo-Fat 18', 'Neo-Fat 18-53', 'Neo-Fat 18-54', 'Neo-Fat 18-55', 'Neo-Fat 18-59', 'NAA 173', 'PD 185', 'Stearex Beads', 'Stearophanic acid', 'Steric acid', 'Vanicol', '1-Heptadecanecarboxylic acid', 'Heptadecanecarboxylic acid', 'Neo-fat 18-61', 'Pearl stearic', 'Century 1240', 'Dar-chem 14', 'Emersol 120', 'Emersol 132', 'Emersol 150', 'Formula 300', 'Glycon DP', 'Glycon TP', 'Glycon S-70', 'Glycon S-80', 'Glycon S-90', 'Groco 54', 'Groco 55', 'Groco 55L', 'Groco 58', 'Groco 59', 'Hy-phi 1199', 'Hy-phi 1205', 'Hy-phi 1303', 'Hy-phi 1401', 'Hydrofol acid 1655', 'Hydrofol acid 1855', 'Hydrofol 1895', 'Hystrene 4516', 'Hystrene 5016', 'Hystrene 7018', 'Hystrene 9718', 'Industrene 5016', 'Neo-Fat 18-S', 'Tegostearic 254', 'Tegostearic 255', 'Tegostearic 272', 'Cetylacetic acid', 'Industrene 8718', 'Industrene 9018', 'Barolub FTA', 'Loxiol G 20', 'Lunac S 20', 'Emersol 153', 'Century 1210', 'Century 1220', 'Century 1230', 'Emersol 6349', 'Hystrene 7018 FG', 'Hystrene 9718 NF FG', 'Industrene 4518', 'Industrene 7018 FG', 'n-Octadecylic acid', 'Pristerene 4904', 'Promulsin', 'Proviscol wax', 'Stearex', 'Tsubaki', 'Vis-Plus', 'Prifac 2918', 'Adeka Fatty Acid SA 910', 'Century 1224', 'Edenor C18', 'Hydrofol Acid 1895', 'Kiri stearic acid', 'Lunac S 40', 'SA 400 (fatty acid)', 'WO 2 (fatty acid)', 'Octadecanoic acid (stearic acid)', 'Emersol 110 (Salt/Mix)', 'Emery 400 (Salt/Mix)'];C18H36O2;18;284.4772;InChI=1S/C18H36O2/c1-2-3-4-5-6-7-8-9-10-11-12-13-14-15-16-17-18(19)20/h2-17H2,1H3,(H,19,20);QIQXTHQIDYTFRH-UHFFFAOYSA-N;57-11-4;{'mol2D': 'https://webbook.nist.gov/cgi/cbook.cgi?Str2File=C57114'};341.0;632.67;13.27;805.09;;;-891.0;-912.0
C334485;Capric Acid;n-Decanoic acid;['Decanoic acid', 'n-Capric acid', 'n-Decoic acid', 'n-Decylic acid', 'Capric acid', 'Caprinic acid', 'Caprynic acid', 'Decoic acid', 'Decylic acid', '1-Nonanecarboxylic acid', 'Nonane-1-carboxylic acid', 'neo-Fat 10', 'Hexacid 1095', 'Emery 659', 'Prifrac 296', '1-Decanoic acid', 'NSC 5025', 'Decanoic acid (capric acid)'];C10H20O2;10;172.2646;InChI=1S/C10H20O2/c1-2-3-4-5-6-7-8-9-10(11)12/h2-9H2,1H3,(H,11,12);GHVNFZFCNZKVNT-UHFFFAOYSA-N;334-48-5;{'mol2D': 'https://webbook.nist.gov/cgi/cbook.cgi?Str2File=C334485', 'mol3D': 'https://webbook.nist.gov/cgi/cbook.cgi?Str3File=C334485'};304.0;530.0;21.31;723.26;;-624.2;;
C112801;Oleic Acid;Oleic Acid;"['9-Octadecenoic acid (Z)-', 'Δ9-cis-Oleic acid', 'cis-Oleic Acid', 'cis-9-Octadecenoic Acid', 'Emersol 211', 'Emersol 220 White Oleic Acid', 'Emersol 221 Low Titer White Oleic Acid', 'Oelsauere', 'Oleine 7503', 'Pamolyn 100', 'Vopcolene 27', 'Wecoline OO', 'Z-9-Octadecenoic acid', 'cis-Octadec-9-enoic acid', 'cis-Δ9-octadecenoic acid', 'cis-Δ9-Octadecenoate', 'neo-Fat 90-04', 'neo-Fat 92-04', 'Century cd fatty acid', 'Elaidoic acid', 'Emersol 210', 'Emersol 213', 'Emersol 6321', 'Glycon RO', 'Glycon WO', 'Groco 2', 'Groco 4', 'Groco 5l', 'Groco 6', 'Hy-phi 1055', 'Hy-phi 1088', 'Hy-phi 2066', 'Hy-phi 2088', 'Hy-phi 2102', 'K 52', ""L'Acide oleique"", 'Metaupon', 'Tego-oleic 130', '9-Octadecenoic acid, cis-', 'Elaic acid', 'Industrene 105', 'Industrene 205', 'Industrene 206', 'Oleinic acid', 'Pamolyn', 'Wochem no. 320', '(Z)-9-Octadecanoic acid', 'Emersol 6313 NF', 'Priolene 6906', '9-(Z)-octadecenoic acid', '(Z)-Octadec-9-enoic acid', '9-Octadecenoic acid (9Z)-', 'D 100', 'Emersol 205', 'Extraolein 90']";C18H34O2;18;282.4614;InChI=1S/C18H34O2/c1-2-3-4-5-6-7-8-9-10-11-12-13-14-15-16-17-18(19)20/h9-10H,2-8,11-17H2,1H3,(H,19,20)/b10-9-;ZQPPMHVWECSIRJ-KTKRTIGZSA-N;112-80-1;{'mol2D': 'https://webbook.nist.gov/cgi/cbook.cgi?Str2File=C112801', 'mol3D': 'https://webbook.nist.gov/cgi/cbook.cgi?Str3File=C112801'};289.45;;;;;;-764.8;
C2027476;Oleic Acid;9-Octadecenoic acid;['Elaidic acid', 'Oleic acid'];C18H34O2;18;282.4614;InChI=1S/C18H34O2/c1-2-3-4-5-6-7-8-9-10-11-12-13-14-15-16-17-18(19)20/h9-10H,2-8,11-17H2,1H3,(H,19,20)/b10-9+;ZQPPMHVWECSIRJ-MDZDMXLPSA-N;2027-47-6;{'mol2D': 'https://webbook.nist.gov/cgi/cbook.cgi?Str2File=C2027476', 'mol3D': 'https://webbook.nist.gov/cgi/cbook.cgi?Str3File=C2027476'};;;;;;;;
C59676;Nicotinic Acid;Niacin;['3-Pyridinecarboxylic acid', 'Nicotinic acid', 'Akotin', 'Apelagrin', 'Daskil', 'Efacin', 'Linic', 'Nicacid', 'Nicangin', 'Nico-Span', 'Nicodelmine', 'Nicolar', 'Niconacid', 'Nicosan 3', 'Nicotinipca', 'Nicyl', 'Nyclin', 'Pellagrin', 'Pelonin', 'Pyridine-β-carboxylic acid', '3-Carboxylpyridine', '3-Carboxypyridine', 'anti-Pellagra vitamin', 'Acidum nicotinicum', 'Bionic', 'Davitamon PP', 'Diacin', 'Direktan', 'Naotin', 'Niac', 'Nicamin', 'Nico-400', 'Nicobid', 'Nicocap', 'Nicocidin', 'Nicocrisina', 'Nicodan', 'Nicodon', 'Niconat', 'Niconazid', 'Nicorol', 'Nicoside', 'Nicosyl', 'Nicotamin', 'Nicotene', 'Nicotil', 'Nicotine acid', 'Nicotinsaure', 'Nicovasan', 'Nicovasen', 'Nicovel', 'Nipellen', 'NICO', 'P.P. factor-pellagra preventive factor', 'Pellagra preventive factor', 'Pellagramin', 'Peviton', 'Pyridine-3-carboxylic acid', 'PP Factor', 'SK-Niacin', 'S115', 'Tega-Span', 'Vitaplex N', 'Wampocap', 'Acide nicotinique', 'Kyselina nikotinova', 'NAH', 'Pyridine-carboxylique-3', 'Tinic', 'm-Pyridinecarboxylic acid', 'β-Pyridinecarboxylic acid', '3-Pyridylcarboxylic acid', 'Niacor', 'P.P. factor', 'Vitamin B3', 'Niaspan', 'Vitamin B5'];C6H5NO2;6;123.1094;InChI=1S/C6H5NO2/c8-6(9)5-2-1-3-7-4-5/h1-4H,(H,8,9);PVNIIMVLHYAWGP-UHFFFAOYSA-N;59-67-6;{'mol2D': 'https://webbook.nist.gov/cgi/cbook.cgi?Str2File=C59676', 'mol3D': 'https://webbook.nist.gov/cgi/cbook.cgi?Str3File=C59676'};510.48;;;;;-221.5;;-344.89
C67561;Methanol;Methyl Alcohol;"['Methanol', 'Carbinol', 'Methyl hydroxide', 'Methylol', 'Monohydroxymethane', 'Wood alcohol', 'CH3OH', 'Colonial spirit', 'Columbian spirit', 'Hydroxymethane', 'Wood naphtha', 'Alcool methylique', 'Alcool metilico', 'Columbian spirits', 'Metanolo', 'Methylalkohol', 'Metylowy alkohol', 'Pyroxylic spirit', 'Wood spirit', 'Rcra waste number U154', 'UN 1230', 'Pyro alcohol', 'Spirit of wood', ""Bieleski's solution"", 'NSC 85232']";CH4O;1;32.0419;InChI=1S/CH4O/c1-2/h2H,1H3;OKKJLVBELUTLKV-UHFFFAOYSA-N;67-56-1;{'mol2D': 'https://webbook.nist.gov/cgi/cbook.cgi?Str2File=C67561', 'mol3D': 'https://webbook.nist.gov/cgi/cbook.cgi?Str3File=C67561'};176.0;337.8;81.0;513.0;8.51;-205.0;-243.74;
C64175;Ethanol;Ethanol;['Ethyl alcohol', 'Alcohol', 'Alcohol anhydrous', 'Algrain', 'Anhydrol', 'Denatured ethanol', 'Ethyl hydrate', 'Ethyl hydroxide', 'Jaysol', 'Jaysol S', 'Methylcarbinol', 'SD Alchol 23-hydrogen', 'Tecsol', 'C2H5OH', 'Absolute ethanol', 'Cologne spirit', 'Fermentation alcohol', 'Grain alcohol', 'Molasses alcohol', 'Potato alcohol', 'Aethanol', 'Aethylalkohol', 'Alcohol, dehydrated', 'Alcool ethylique', 'Alcool etilico', 'Alkohol', 'Cologne spirits', 'Denatured alcohol CD-10', 'Denatured alcohol CD-5', 'Denatured alcohol CD-5a', 'Denatured alcohol SD-1', 'Denatured alcohol SD-13a', 'Denatured alcohol SD-17', 'Denatured alcohol SD-23a', 'Denatured alcohol SD-28', 'Denatured alcohol SD-3a', 'Denatured alcohol SD-30', 'Denatured alcohol SD-39b', 'Denatured alcohol SD-39c', 'Denatured alcohol SD-40m', 'Etanolo', 'Ethanol 200 proof', 'Ethyl alc', 'Etylowy alkohol', 'EtOH', 'NCI-C03134', 'Spirits of wine', 'Spirt', 'Alkoholu etylowego', 'Ethyl alcohol anhydrous', 'SD alcohol 23-hydrogen', 'UN 1170', 'Tecsol C', 'Alcare Hand Degermer', 'Absolute alcohol', 'Denatured alcohol', 'Ethanol, silent spirit', 'Ethylol', 'Punctilious ethyl alcohol', 'SD 3A'];C2H6O;2;46.0684;InChI=1S/C2H6O/c1-2-3/h3H,2H2,1H3;LFQSCWFLJHTTHZ-UHFFFAOYSA-N;64-17-5;{'mol2D': 'https://webbook.nist.gov/cgi/cbook.cgi?Str2File=C64175', 'mol3D': 'https://webbook.nist.gov/cgi/cbook.cgi?Str3File=C64175'};159.0;351.5;63.0;514.0;6.0;-234.0;-276.0;
C71238;1-Propanol;1-Propanol;['Propyl alcohol', 'n-Propan-1-ol', 'n-Propanol', 'n-Propyl alcohol', 'Ethylcarbinol', 'Optal', 'Osmosol extra', 'Propanol', 'Propylic alcohol', '1-Propyl alcohol', 'n-C3H7OH', '1-Hydroxypropane', 'Propanol-1', 'Propan-1-ol', 'n-Propyl alkohol', 'Alcool propilico', 'Alcool propylique', 'Propanole', 'Propanolen', 'Propanoli', 'Propylowy alkohol', 'UN 1274', 'Propylan-propyl alcohol', 'NSC 30300', 'Alcohol, propyl'];C3H8O;3;60.095;InChI=1S/C3H8O/c1-2-3-4/h4H,2-3H2,1H3;BDERNNFJNOPAEC-UHFFFAOYSA-N;71-23-8;{'mol2D': 'https://webbook.nist.gov/cgi/cbook.cgi?Str2File=C71238', 'mol3D': 'https://webbook.nist.gov/cgi/cbook.cgi?Str3File=C71238'};146.85;370.3;52.0;536.9;4.58;-256.0;-303.79;
C67630;Isopropanol;Isopropyl Alcohol;['2-Propanol', 'sec-Propyl Alcohol', 'Alcojel', 'Alcosolve 2', 'Avantin', 'Avantine', 'Combi-Schutz', 'Dimethylcarbinol', 'Hartosol', 'Imsol A', 'Isohol', 'Isopropanol', 'Lutosol', 'Petrohol', 'Propol', 'PRO', 'Takineocol', '1-Methylethyl Alcohol', 'iso-C3H7OH', '2-Hydroxypropane', 'Propane, 2-hydroxy-', 'sec-Propanol', 'Propan-2-ol', 'i-Propylalkohol', 'Alcolo', 'Alcool isopropilico', 'Alcool isopropylique', 'Alkolave', 'Arquad DMCB', 'iso-Propylalkohol', 'Isopropyl alcohol, rubbing', 'IPA', 'Lavacol', 'Visco 1152', 'Alcosolve', 'i-Propanol', '2-Propyl alcohol', 'Spectrar', 'Sterisol hand disinfectant', 'UN 1219', 'n-Propan-2-ol', '1-methylethanol', 'Propanol-2', 'Virahol', 'IPS 1'];C3H8O;3;60.095;InChI=1S/C3H8O/c1-3(2)4/h3-4H,1-2H3;KFZMGEQAYNKOFK-UHFFFAOYSA-N;67-63-0;{'mol2D': 'https://webbook.nist.gov/cgi/cbook.cgi?Str2File=C67630', 'mol3D': 'https://webbook.nist.gov/cgi/cbook.cgi?Str3File=C67630'};185.55;355.5;49.0;509.0;4.53;-272.25;-317.97;
C71363;1-Butanol;1-Butanol;['Butyl alcohol', 'n-Butan-1-ol', 'n-Butanol', 'n-Butyl alcohol', 'Butyl hydroxide', 'CCS 203', 'Hemostyp', 'Methylolpropane', 'Propylcarbinol', 'n-C4H9OH', 'Butanol', 'Butan-1-ol', '1-Hydroxybutane', 'Alcool butylique', 'Butanolo', 'Butylowy alkohol', 'Butyric alcohol', 'Propylmethanol', 'Butanolen', '1-Butyl alcohol', 'Rcra waste number U031', 'Butanol-1', 'NSC 62782'];C4H10O;4;74.1216;InChI=1S/C4H10O/c1-2-3-4-5/h5H,2-4H2,1H3;LRHPLDYGYMQRHN-UHFFFAOYSA-N;71-36-3;{'mol2D': 'https://webbook.nist.gov/cgi/cbook.cgi?Str2File=C71363', 'mol3D': 'https://webbook.nist.gov/cgi/cbook.cgi?Str3File=C71363'};188.0;390.6;45.0;562.0;3.65;-277.0;-328.0;
C123513;Isopentanol;1-Butanol, 3-methyl-;['Isopentyl alcohol', 'Fermentation amyl alcohol', 'Fusel Oil', 'Isoamyl alcohol', 'Isoamylol', 'Isobutyl carbinol', 'Isopentanol', '2-Methyl-4-butanol', '3-Methyl-1-butanol', '3-Methylbutanol', 'Alcool amilico', 'Alcool isoamylique', 'Amylowy alkohol', 'iso-amylalkohol', '3-Methylbutan-1-ol', '3-Metil-butanolo', 'Isoamyl alcohol, primary', 'Butanol, 3-methyl-', 'Butan-1-ol, 3-methyl', 'i-Amyl alcohol', 'Isopentan-1-ol', 'Methyl-3-butan-1-ol', 'NSC 1029', 'UN 1105', '3-methylbutanoI', 'Isoamyl alcohol (3-methyl butanol)'];C5H12O;5;88.1482;InChI=1S/C5H12O/c1-5(2)3-4-6/h5-6H,3-4H2,1-2H3;PHTQWCKDNZKARW-UHFFFAOYSA-N;123-51-3;{'mol2D': 'https://webbook.nist.gov/cgi/cbook.cgi?Str2File=C123513', 'mol3D': 'https://webbook.nist.gov/cgi/cbook.cgi?Str3File=C123513'};;404.0;41.4;579.0;;-301.05;-356.15;
C108952;Phenol;Phenol;"['Carbolic acid', ""Baker's P and S Liquid and Ointment"", 'Benzenol', 'Hydroxybenzene', 'Izal', 'Monohydroxybenzene', 'Monophenol', 'Oxybenzene', 'Phenic acid', 'Phenyl alcohol', 'Phenyl hydrate', 'Phenyl hydroxide', 'Phenylic acid', 'Phenylic alcohol', 'PhOH', 'Benzene, hydroxy-', 'Acide carbolique', ""Baker's P & S liquid & Ointment"", 'Fenol', 'Fenolo', 'NCI-C50124', 'Paoscle', 'Phenole', 'Carbolsaure', 'NA 2821', 'Phenol alcohol', 'Phenol, molten', 'Rcra waste number U188', 'UN 1671', 'UN 2312', 'UN 2821', 'Phenic alcohol', 'NSC 36808', 'Campho-Phenique Cold Sore Gel (Salt/Mix)', 'Campho-Phenique Gel (Salt/Mix)', 'Campho-Phenique Liquid (Salt/Mix)']";C6H6O;6;94.1112;InChI=1S/C6H6O/c7-6-4-2-1-3-5-6/h1-5,7H;ISWSIDIOOBJBQZ-UHFFFAOYSA-N;108-95-2;{'mol2D': 'https://webbook.nist.gov/cgi/cbook.cgi?Str2File=C108952', 'mol3D': 'https://webbook.nist.gov/cgi/cbook.cgi?Str3File=C108952'};314.0;455.0;60.3;693.65;;-95.58;;-164.2
C87661;Phenol;1,2,3-Benzenetriol;['Pyrogallol', 'C.I. Oxidation Base 32', 'C.I. 76515', 'Fouramine Brown AP', 'Fourrine PG', 'Fourrine 85', 'Pyrogallic acid', '1,2,3-Trihydroxybenzene', 'Benzene, 1,2,3-trihydroxy-', '1,2,3-Trihydroxybenzen', '2,3-Dihydroxyphenol', 'Fouramine base ap', 'Piral', 'Pyro', 'Benzene-1,2,3-triol', 'NSC 5035', 'C.I. 76551', 'Phenol'];C6H6O3;6;126.11;InChI=1S/C6H6O3/c7-4-2-1-3-5(8)6(4)9/h1-3,7-9H;WQGWDDDVZFFDIG-UHFFFAOYSA-N;87-66-1;{'mol2D': 'https://webbook.nist.gov/cgi/cbook.cgi?Str2File=C87661', 'mol3D': 'https://webbook.nist.gov/cgi/cbook.cgi?Str3File=C87661'};402.82;582.17;;;;-434.2;;-551.1
C108930;Cyclohexanol;Cyclohexanol;['Cyclohexyl alcohol', 'Adronal', 'Adronol', 'Anol', 'Hexahydrophenol', 'Hexalin', 'Hydroxycyclohexane', 'Naxol', 'Phenol, hexahydro-', '1-Cyclohexanol', 'Cyclohexane, hydroxy-', 'Hydralin', 'Cicloesanolo', 'Cykloheksanol', 'Hydrophenol', 'NSC 403656'];C6H12O;6;100.1589;InChI=1S/C6H12O/c7-6-4-2-1-3-5-6/h6-7H,1-5H2;HPXRVTGHNJAIIH-UHFFFAOYSA-N;108-93-0;{'mol2D': 'https://webbook.nist.gov/cgi/cbook.cgi?Str2File=C108930', 'mol3D': 'https://webbook.nist.gov/cgi/cbook.cgi?Str3File=C108930'};296.0;433.0;41.5;645.0;3.0;-290.0;-351.56;
C107313;Methyl Formate;Methyl formate;['Formic acid, methyl ester', 'Methyl methanoate', 'HCOOCH3', 'Formiate de methyle', 'Methylester kyseliny mravenci', 'Methylformiaat', 'Methylformiat', 'Mravencan methylnaty', 'UN 1243', 'Methyl ester of formic acid', 'Methanoic acid methyl ester'];C2H4O2;2;60.052;InChI=1S/C2H4O2/c1-4-2-3/h2H,1H3;TZIHFWKZFHZASV-UHFFFAOYSA-N;107-31-3;{'mol2D': 'https://webbook.nist.gov/cgi/cbook.cgi?Str2File=C107313', 'mol3D': 'https://webbook.nist.gov/cgi/cbook.cgi?Str3File=C107313'};173.3;305.0;60.86;494.1;5.82;-350.85;-380.25;
C36653824;Cetyl Alcohol;1-Hexadecanol;['n-Cetyl alcohol', 'n-Hexadecan-1-ol', 'n-Hexadecanol', 'n-1-Hexadecanol', 'Adol 52', 'Adol 52 NF', 'Adol 54', 'Aldol 54', 'Alfol 16', 'Atalco C', 'Cachalot C-51', 'Cachalot C-52', 'Cetaffine', 'Cetal', 'Cetalol CA', 'Cetanol', 'Cetylic alcohol', 'Cetylol', 'Crodacol C', 'Crodacol-CAS', 'Crodacol-CAT', 'Elfacos C', 'Ethal', 'Ethol', 'Hexadecanol', 'Hexadecyl alcohol', 'Hyfatol 16', 'Lanol C', 'Lorol 24', 'Loxanol K', 'Loxanol K extra', 'Loxanwachs SK', 'Palmityl alcohol', 'Product 308', 'Siponol wax-A', 'Siponol CC', '1-Hexadecyl alcohol', 'Alcohol c-16', 'Hexadecan-1-ol', 'n-Hexadecyl alcohol', '1-Hydroxyhexadecane', 'Adol 520', 'Cachalot C-50', 'CO-1670', 'CO-1695', 'Dytol F-11', 'Cachalot C-50 NF', 'Cetyl alcohol NF', 'Crodacol C70', 'Crodacol C95 NF', 'Epal 16NF', 'Fancol CA', 'Lanette 16', 'Lipocol C', 'Lorol C16', 'LorolL 24', 'Philcohol 1600', 'Rita CA', 'Cetyl alcohol', '1-Hexanedecanol', '1-Cetanol', 'Epal 16', 'Hyfatol 16-95', 'Laurex 16', 'Alfol 16RD', 'Kalcol 6098', 'Palmitic alcohol', '19141-82-3', 'SSD', 'SSD RP', '8023-37-8', '124-29-8', '8032-16-4', '8032-89-1', '8032-17-5', 'SSD (Salt/Mix)', 'SSD RP (Salt/Mix)'];C16H34O;16;242.4406;InChI=1S/C16H34O/c1-2-3-4-5-6-7-8-9-10-11-12-13-14-15-16-17/h17H,2-16H2,1H3;BXWNKGSJHAJOGX-UHFFFAOYSA-N;36653-82-4;{'mol2D': 'https://webbook.nist.gov/cgi/cbook.cgi?Str2File=C36653824'};322.0;613.15;;;;-516.0;;-685.6
C124298;Cetyl Alcohol;1-Hexadecanol;[];C16H34O;16;242.4406;;;124-29-8;{};;;;;;;;
C109944;Ethyl Formate;Ethyl formate;"['Formic acid, ethyl ester', 'Areginal', 'Ethyl methanoate', 'HCOOC2H5', 'Ethylformic ester', 'Aethylformiat', ""Ethyle (formiate d')"", 'Ethylformiaat', 'Etile (formiato di)', 'Mrowczan etylu', 'Ethylester kyseliny mravenci', 'Formic ether', 'UN 1190', 'Ethyl ester of formic acid', 'NSC 406578']";C3H6O2;3;74.0785;InChI=1S/C3H6O2/c1-2-5-3-4/h3H,2H2,1H3;WBJINCZRORDGAQ-UHFFFAOYSA-N;109-94-4;{'mol2D': 'https://webbook.nist.gov/cgi/cbook.cgi?Str2File=C109944', 'mol3D': 'https://webbook.nist.gov/cgi/cbook.cgi?Str3File=C109944'};193.24;327.0;48.46;508.0;4.33;-379.85;-412.35;
C110747;n-Propyl Formate;Formic acid, propyl ester;['n-Propyl formate', 'Propyl formate', 'Propyl methanoate', 'HCOOCH2CH2CH3', 'Formiate de propyle', 'Propylester kyseliny mravenci', 'UN 1281', 'Propyl ester of formic acid'];C4H8O2;4;88.1051;InChI=1S/C4H8O2/c1-2-3-6-4-5/h4H,2-3H2,1H3;KFNNIILCVOLYIR-UHFFFAOYSA-N;110-74-7;{'mol2D': 'https://webbook.nist.gov/cgi/cbook.cgi?Str2File=C110747', 'mol3D': 'https://webbook.nist.gov/cgi/cbook.cgi?Str3File=C110747'};180.3;354.1;41.51;536.34;3.49;;;-500.0
C1864944;Phenyl Formate;Formic acid phenyl ester;['Phenyl formate'];C7H6O2;7;122.1213;InChI=1S/C7H6O2/c8-6-9-7-4-2-1-3-5-7/h1-6H;GEOWCLRLLWTHDN-UHFFFAOYSA-N;1864-94-4;{'mol2D': 'https://webbook.nist.gov/cgi/cbook.cgi?Str2File=C1864944', 'mol3D': 'https://webbook.nist.gov/cgi/cbook.cgi?Str3File=C1864944'};;;;;;-215.7;-268.6;
C625558;Isopropyl Formate;Formic acid, 1-methylethyl ester;['Formic acid, isopropyl ester', 'Isopropyl formate', 'HCOOCH(CH3)2', 'UN 1281', 'Formic acid, 2-propyl ester', 'Methylethyl formate'];C4H8O2;4;88.1051;InChI=1S/C4H8O2/c1-4(2)6-3-5/h3-4H,1-2H3;RMOUBSOVHSONPZ-UHFFFAOYSA-N;625-55-8;{'mol2D': 'https://webbook.nist.gov/cgi/cbook.cgi?Str2File=C625558', 'mol3D': 'https://webbook.nist.gov/cgi/cbook.cgi?Str3File=C625558'};;341.7;;;;;;
C110452;Isopentyl Formate;1-Butanol, 3-methyl-, formate;['Isopentyl alcohol, formate', 'Isoamyl formate', 'Isoamyl methanoate', 'Isopentyl formate', '3-Methylbutyl formate', 'Formic acid, isopentyl ester', 'Isopentyl methanoate', 'UN 1109', 'Formic acid, 3-methylbutyl ester'];C6H12O2;6;116.1583;InChI=1S/C6H12O2/c1-6(2)3-4-8-5-7/h5-6H,3-4H2,1-2H3;XKYICAQFSCFURC-UHFFFAOYSA-N;110-45-2;{'mol2D': 'https://webbook.nist.gov/cgi/cbook.cgi?Str2File=C110452', 'mol3D': 'https://webbook.nist.gov/cgi/cbook.cgi?Str3File=C110452'};;397.0;;;;;;
C592847;Butyl Formate;Formic acid, butyl ester;['n-Butyl formate', 'Butyl formate', 'HCOO(CH2)3CH3', 'n-Butyl methanoate', 'Butyl methanoate', 'Butylester kyseliny mravenci', 'UN 1128'];C5H10O2;5;102.1317;InChI=1S/C5H10O2/c1-2-3-4-7-5-6/h5H,2-4H2,1H3;NMJJFJNHVMGPGM-UHFFFAOYSA-N;592-84-7;{'mol2D': 'https://webbook.nist.gov/cgi/cbook.cgi?Str2File=C592847', 'mol3D': 'https://webbook.nist.gov/cgi/cbook.cgi?Str3File=C592847'};183.18;379.7;;565.2;;;;
C4351546;Cyclohexyl Formate;Formic acid, cyclohexyl ester;['Cyclohexyl formate', 'Cyclohexyl ester of formic acid', 'Formic acid, cyclohexyl ester (purified)'];C7H12O2;7;128.169;InChI=1S/C7H12O2/c8-6-9-7-4-2-1-3-5-7/h6-7H,1-5H2;VUXKVKAHWOVIDN-UHFFFAOYSA-N;4351-54-6;{'mol2D': 'https://webbook.nist.gov/cgi/cbook.cgi?Str2File=C4351546', 'mol3D': 'https://webbook.nist.gov/cgi/cbook.cgi?Str3File=C4351546'};;;;;;;;
C79209;Methyl Acetate;Acetic acid, methyl ester;['Methyl acetate', 'Devoton', 'Tereton', 'CH3COOCH3', 'Methyl ethanoate', 'Acetate de methyle', 'Methyl acetic ester', 'Methylacetaat', 'Methylacetat', 'Methyle (acetate de)', 'Methylester kiseliny octove', 'Metile (acetato di)', 'Ethyl ester of monoacetic acid', 'UN 1231', 'Methyl ester of acetic acid', 'NSC 405071'];C3H6O2;3;74.0785;InChI=1S/C3H6O2/c1-3(4)5-2/h1-2H3;KXKVLQRXCPHEJC-UHFFFAOYSA-N;79-20-9;{'mol2D': 'https://webbook.nist.gov/cgi/cbook.cgi?Str2File=C79209', 'mol3D': 'https://webbook.nist.gov/cgi/cbook.cgi?Str3File=C79209'};175.12;330.0;49.59;510.0;4.36;-410.0;-445.89;
C141786;Ethyl Acetate;Ethyl Acetate;"['Acetic acid, ethyl ester', 'Acetic ether', 'Acetidin', 'Acetoxyethane', 'Ethyl acetic ester', 'Ethyl ethanoate', 'Vinegar naphtha', 'CH3COOC2H5', 'Aethylacetat', 'Essigester', ""Ethyle (acetate d')"", 'Etile (acetato di)', 'Ethylacetaat', 'Ethylester kyseliny octove', 'Rcra waste number U112', 'UN 1173', 'Ethyl ester of acetic acid', '1-Acetoxyethane', 'NSC 70930', 'ac. acetic ethyl ester']";C4H8O2;4;88.1051;InChI=1S/C4H8O2/c1-3-6-4(2)5/h3H2,1-2H3;XEKOWRVHYACXOJ-UHFFFAOYSA-N;141-78-6;{'mol2D': 'https://webbook.nist.gov/cgi/cbook.cgi?Str2File=C141786', 'mol3D': 'https://webbook.nist.gov/cgi/cbook.cgi?Str3File=C141786'};190.0;350.2;39.72;530.0;3.46;-445.23;-480.31;
C109604;n-propyl Acetate;n-Propyl acetate;['Acetic acid, propyl ester', 'Propyl acetate', '1-Acetoxypropane', '1-Propyl acetate', 'CH3COOCH2CH2CH3', 'Acetic acid n-propyl ester', 'n-Propyl ethanoate', 'Acetate de propyle normal', 'Octan propylu', 'Propyl ethanoate', 'Propylester kyseliny octove', 'UN 1276', 'Propyl ester of acetic acid', 'NSC 72025', 'n-Propanol acetate'];C5H10O2;5;102.1317;InChI=1S/C5H10O2/c1-3-4-7-5(2)6/h3-4H2,1-2H3;YKYONYBAUNKHLG-UHFFFAOYSA-N;109-60-4;{'mol2D': 'https://webbook.nist.gov/cgi/cbook.cgi?Str2File=C109604', 'mol3D': 'https://webbook.nist.gov/cgi/cbook.cgi?Str3File=C109604'};178.15;374.7;34.1;548.0;2.88;;;
C108214;Isopropyl Acetate;Isopropyl acetate;"['Acetic acid, 1-methylethyl ester', 'Acetic acid, isopropyl ester', '2-Acetoxypropane', '2-Propyl acetate', 'CH3COOCH(CH3)2', ""Acetate d'isopropyle"", 'Isopropile(acetato di)', 'Isopropyl ethanoate', ""Isopropyl (acetate d')"", 'Isopropylacetaat', 'Isopropylacetat', 'Isopropylester kyseliny octove', 'UN 1220', 'Isopropyl ester of acetic acid', 'sec-Propyl acetate', 'Acetic acid, 2-propyl ester', '1-Methylethyl acetate', 'NSC 9295']";C5H10O2;5;102.1317;InChI=1S/C5H10O2/c1-4(2)7-5(3)6/h4H,1-3H3;JMMWKPVZQRWMSS-UHFFFAOYSA-N;108-21-4;{'mol2D': 'https://webbook.nist.gov/cgi/cbook.cgi?Str2File=C108214', 'mol3D': 'https://webbook.nist.gov/cgi/cbook.cgi?Str3File=C108214'};294.23;362.0;32.9;531.5;;-489.7;-526.9;
C123864;Butyl Acetate;Acetic acid, butyl ester;['n-Butyl acetate', 'Butyl acetate', 'Butyl ethanoate', '1-Butyl acetate', 'CH3COO(CH2)3CH3', 'Acetic acid n-butyl ester', 'n-Butyl ethanoate', 'Acetate de butyle', 'Butile(acetati di)', 'Butylacetat', 'Butylacetaten', 'Butyle (acetate de)', 'Butylester kyseliny octove', 'Butyl ester of acetic acid', '1-Acetoxybutane', '1-Butanol, acetate', 'Butyl ester, acetic acid', 'NSC 9298', 'Butile', 'Butyle', 'UN 1123'];C6H12O2;6;116.1583;InChI=1S/C6H12O2/c1-3-4-5-8-6(2)7/h3-5H2,1-2H3;DKPFZGUDAPQIHT-UHFFFAOYSA-N;123-86-4;{'mol2D': 'https://webbook.nist.gov/cgi/cbook.cgi?Str2File=C123864', 'mol3D': 'https://webbook.nist.gov/cgi/cbook.cgi?Str3File=C123864'};196.35;399.0;30.95;570.94;;-566.0;-609.6;
C123922;Isopentyl Acetate;1-Butanol, 3-methyl-, acetate;['Isopentyl alcohol, acetate', 'Acetic acid, 3-methylbutyl ester', 'Banana oil', 'Isoamyl acetate', 'Isoamyl ethanoate', 'Isopentyl acetate', 'Pear oil', '3-Methyl-1-butyl acetate', '3-Methylbutyl acetate', 'CH3C(O)O(CH2)2CH(CH3)2', 'Isopentyl ethanoate', '3-Methyl-1-butanol acetate', '3-Methylbutyl ethanoate', 'Acetic acid, isopentyl ester', '2-Methylbutyl ethanoate', 'Isoamylester kyseliny octove', 'i-Amyl acetate', '3-Methylbutyl ester of acetic acid', 'β-Methyl butyl acetate', '3-Methyl butyl ester acetic acid', 'Amyl acetate ester', 'Amyl acetate, common', 'Isopentyl ester acetic acid', 'Acetic acid, isoamyl ester', '3-Methyl-1-butanyl acetate', '3-methyl-but-1-yl acetate', '1-Butanol, 3-methyl-, 1-acetate', 'NSC 9260', 'Isopentyl alcohol, acetate pear oil', 'Jargonelle pear essence', '3-methyl-1-butyl acetate (isoamyl acetate)'];C7H14O2;7;130.1849;InChI=1S/C7H14O2/c1-6(2)4-5-9-7(3)8/h6H,4-5H2,1-3H3;MLFHJEHSLIIPHL-UHFFFAOYSA-N;123-92-2;{'mol2D': 'https://webbook.nist.gov/cgi/cbook.cgi?Str2File=C123922', 'mol3D': 'https://webbook.nist.gov/cgi/cbook.cgi?Str3File=C123922'};;414.0;27.6;592.72;;;;
C122792;Phenyl Acetate;Acetic acid, phenyl ester;['Phenol acetate', 'Phenyl acetate', 'Fenylester kyseliny octove', 'Phenyl ester of acetic acid'];C8H8O2;8;136.1479;InChI=1S/C8H8O2/c1-7(9)10-8-5-3-2-4-6-8/h2-6H,1H3;IPBVNPXQWQGGJP-UHFFFAOYSA-N;122-79-2;{'mol2D': 'https://webbook.nist.gov/cgi/cbook.cgi?Str2File=C122792', 'mol3D': 'https://webbook.nist.gov/cgi/cbook.cgi?Str3File=C122792'};;469.0;;;;-279.85;-330.4;
C622457;Cyclohexyl Acetate;Acetic acid, cyclohexyl ester;['Cyclohexyl acetate', 'Cyclohexanol, acetate', 'Cyclohexanolazetat', 'Cyclohexanyl acetate', 'Hexalin acetate', 'Cyclohexylester kyseliny octove', 'UN 2243', 'Cyclohexyl ester of acetic acid', 'Acetoxycyclohexane', 'NSC 8772'];C8H14O2;8;142.1956;InChI=1S/C8H14O2/c1-7(9)10-8-5-3-2-4-6-8/h8H,2-6H2,1H3;YYLLIJHXUHJATK-UHFFFAOYSA-N;622-45-7;{'mol2D': 'https://webbook.nist.gov/cgi/cbook.cgi?Str2File=C622457', 'mol3D': 'https://webbook.nist.gov/cgi/cbook.cgi?Str3File=C622457'};;447.42;;;;-507.2;-558.9;
C629709;Cetyl Acetate;1-Hexadecanol, acetate;['n-Hexadecyl ethanoate', 'ENT 1025', 'Acelan A', 'Hexadecyl acetate', 'n-Hexadecyl acetate', 'Palmityl acetate', 'Cetyl acetate', 'Acetic acid, hexadecyl ester', '1-Acetoxyhexadecane', 'Hexadecanyl acetate', '1-Hexadecanol, 1-acetate', 'NSC 8492', 'Acrylated lanolin alcohol'];C18H36O2;18;284.4772;InChI=1S/C18H36O2/c1-3-4-5-6-7-8-9-10-11-12-13-14-15-16-17-20-18(2)19/h3-17H2,1-2H3;LSTDYDRCKUBPDI-UHFFFAOYSA-N;629-70-9;{'mol2D': 'https://webbook.nist.gov/cgi/cbook.cgi?Str2File=C629709', 'mol3D': 'https://webbook.nist.gov/cgi/cbook.cgi?Str3File=C629709'};293.15;;;;;;;
C598992;Methyl Trichloroacetate;Acetic acid, trichloro-, methyl ester;['Methyl trichloroacetate', 'UN 2533'];C3H3Cl3O2;3;177.414;InChI=1S/C3H3Cl3O2/c1-8-2(7)3(4,5)6/h1H3;VHFUHRXYRYWELT-UHFFFAOYSA-N;598-99-2;{'mol2D': 'https://webbook.nist.gov/cgi/cbook.cgi?Str2File=C598992'};255.7;426.68;;;;;;
C515844;Ethyl Trichloroacetate;Acetic acid, trichloro-, ethyl ester;['Ethyl trichloroacetate', 'Acetic acid, ester with trichloroethanol', 'Acetic acid, 2,2,2-trichloroethyl ester', 'Trichloroethyl acetate'];C4H5Cl3O2;4;191.44;InChI=1S/C4H5Cl3O2/c1-2-9-3(8)4(5,6)7/h2H2,1H3;SJMLNDPIJZBEKY-UHFFFAOYSA-N;515-84-4;{'mol2D': 'https://webbook.nist.gov/cgi/cbook.cgi?Str2File=C515844', 'mol3D': 'https://webbook.nist.gov/cgi/cbook.cgi?Str3File=C515844'};;440.7;;;;;;
C13313912;n-propyl Trichloroacetate;Trichloroacetic acid, propyl ester;['Acetic acid, trichloro-, propyl ester', 'Propyl trichloroacetate', 'n-Propyl trichloroacetate'];C5H7Cl3O2;5;205.467;InChI=1S/C5H7Cl3O2/c1-2-3-10-4(9)5(6,7)8/h2-3H2,1H3;QWWBZHDIGCDTLY-UHFFFAOYSA-N;13313-91-2;{'mol2D': 'https://webbook.nist.gov/cgi/cbook.cgi?Str2File=C13313912', 'mol3D': 'https://webbook.nist.gov/cgi/cbook.cgi?Str3File=C13313912'};;;;;;-460.2;-513.4;
C3974990;Isopropyl Trichloroacetate;Trichloroaetic acid isopropyl ester;['Acetic acid, trichloro-, 1-methylethyl ester', 'Acetic acid, trichloro-, isopropyl ester', 'Isopropyl trichloroacetate', '1-Methylethyl trichloroacetate', 'Trichloroacetic acid, isopropyl ester'];C5H7Cl3O2;5;205.467;InChI=1S/C5H7Cl3O2/c1-3(2)10-4(9)5(6,7)8/h3H,1-2H3;JYXIYFNAIFVCAN-UHFFFAOYSA-N;3974-99-0;{'mol2D': 'https://webbook.nist.gov/cgi/cbook.cgi?Str2File=C3974990', 'mol3D': 'https://webbook.nist.gov/cgi/cbook.cgi?Str3File=C3974990'};;;;;;-484.5;-536.4;
C57392559;Isopentyl Trichloroacetate;Trichloroacetic acid 3-methylbutyl ester;['Acetic acid, trichloro-, 3-methylbutyl ester', '3-Methylbutyl trichloroacetate', 'Isopentyl trichloroacetate'];C7H11Cl3O2;7;233.52;InChI=1S/C7H11Cl3O2/c1-5(2)3-4-12-6(11)7(8,9)10/h5H,3-4H2,1-2H3;HBNLTLLITHPMDZ-UHFFFAOYSA-N;57392-55-9;{'mol2D': 'https://webbook.nist.gov/cgi/cbook.cgi?Str2File=C57392559'};;;;;;-523.4;-581.2;
C3657076;Butyl Trichloroacetate;Trichloroacetic acid butyl ester;['Butyl trichloroacetate', 'Acetic acid, trichloro-, butyl ester', 'n-Butyl trichloroacetate'];C6H9Cl3O2;6;219.493;InChI=1S/C6H9Cl3O2/c1-2-3-4-11-5(10)6(7,8)9/h2-4H2,1H3;SECVZLDDYUWJAC-UHFFFAOYSA-N;3657-07-6;{'mol2D': 'https://webbook.nist.gov/cgi/cbook.cgi?Str2File=C3657076', 'mol3D': 'https://webbook.nist.gov/cgi/cbook.cgi?Str3File=C3657076'};;;;;;-492.9;-546.4;
C925600;n-propyl Acrylate;n-Propyl acrylate;['2-Propenoic acid, propyl ester', '1-Propyl acrylate', 'Propylacrylate', 'Acrylic acid, propyl ester', 'Propyl 2-propenoate'];C6H10O2;6;114.1424;InChI=1S/C6H10O2/c1-3-5-8-6(7)4-2/h4H,2-3,5H2,1H3;PNXMTCDJUBJHQJ-UHFFFAOYSA-N;925-60-0;{'mol2D': 'https://webbook.nist.gov/cgi/cbook.cgi?Str2File=C925600'};;;;;;;;
C96333;Methyl Acrylate;2-Propenoic acid, methyl ester;['Acrylic acid methyl ester', 'Methoxycarbonylethylene', 'Methyl acrylate', 'Methyl propenoate', 'Methyl 2-propenoate', 'CH2=CHCOOCH3', 'Methyl propenate', 'Acrylate de methyle', 'Acrylsaeuremethylester', 'Methyl-acrylat', 'Methylacrylaat', 'Metilacrilato', 'Curithane 103', 'Methylester kyseliny akrylove', 'UN 1919', 'Methyl prop-2-enoate', 'Methyl ester of 2-propenoic acid', 'Methyl ester acrylic acid', 'NSC 24146'];C4H6O2;4;86.0892;InChI=1S/C4H6O2/c1-3-4(5)6-2/h3H,1H2,2H3;BAPJBEWLBFYGME-UHFFFAOYSA-N;96-33-3;{'mol2D': 'https://webbook.nist.gov/cgi/cbook.cgi?Str2File=C96333', 'mol3D': 'https://webbook.nist.gov/cgi/cbook.cgi?Str3File=C96333'};197.5;353.45;;;;-333.0;-362.2;
C140885;Ethyl Acrylate;2-Propenoic acid, ethyl ester;"['Acrylic acid ethyl ester', 'Ethyl acrylate', 'Ethyl propenoate', 'Ethyl 2-propenoate', 'CH2=CHCOOC2H5', ""Acrylate d'ethyle"", 'Acrylic acid, ethyl ester (inhibited)', 'Ethyl acrylate, inhibited', 'Ethylacrylaat', 'Ethylakrylat', 'Etil acrilato', 'Etilacrilatului', 'NCI-C50384', 'Acrylsaeureaethylester', 'Aethylacrylat', 'Akrylanem etylu', 'Carboset 511', 'Ethoxycarbonylethylene', 'Ethylester kyseliny akrylove', 'Rcra waste number U113', 'Ethyl ester of 2-propenoic acid', 'NSC 8263']";C5H8O2;5;100.1158;InChI=1S/C5H8O2/c1-3-5(6)7-4-2/h3H,1,4H2,2H3;JIGUQPWFLRLWPJ-UHFFFAOYSA-N;140-88-5;{'mol2D': 'https://webbook.nist.gov/cgi/cbook.cgi?Str2File=C140885', 'mol3D': 'https://webbook.nist.gov/cgi/cbook.cgi?Str3File=C140885'};;372.83;;;;-337.8;-377.0;
C141322;Butyl Acrylate;2-Propenoic acid, butyl ester;['Acrylic acid butyl ester', 'n-Butyl acrylate', 'Acrylic acid, n-butyl ester', 'Butyl acrylate', 'Butyl 2-propenoate', 'n-Butyl propenoate', 'Butylacrylate, inhibited', 'Butylester kyseliny akrylove', 'UN 2348'];C7H12O2;7;128.169;InChI=1S/C7H12O2/c1-3-5-6-9-7(8)4-2/h4H,2-3,5-6H2,1H3;CQEYYJKEWSMYFG-UHFFFAOYSA-N;141-32-2;{'mol2D': 'https://webbook.nist.gov/cgi/cbook.cgi?Str2File=C141322', 'mol3D': 'https://webbook.nist.gov/cgi/cbook.cgi?Str3File=C141322'};209.5;419.2;45.4;644.0;2.34;-378.2;-425.5;
C689123;Isopropyl Acrylate;Isopropyl acrylate;['2-Propenoic acid, 1-methylethyl ester', 'Acrylic acid, isopropyl ester', 'Isopropyl 2-propenoate', 'Isopropyl ester of 2-propenoic acid', '2-Propenoic acid,isopropyl ester'];C6H10O2;6;114.1424;InChI=1S/C6H10O2/c1-4-6(7)8-5(2)3/h4-5H,1H2,2-3H3;LYBIZMNPXTXVMV-UHFFFAOYSA-N;689-12-3;{'mol2D': 'https://webbook.nist.gov/cgi/cbook.cgi?Str2File=C689123', 'mol3D': 'https://webbook.nist.gov/cgi/cbook.cgi?Str3File=C689123'};;383.0;;;;;;
C4245356;Isopentyl Acrylate;Acrylic acid isoamyl ester;['2-Propenoic acid, 3-methylbutyl ester', 'Isopentyl acrylate'];C8H14O2;8;142.1956;InChI=1S/C8H14O2/c1-4-8(9)10-6-5-7(2)3/h4,7H,1,5-6H2,2-3H3;ZVYGIPWYVVJFRW-UHFFFAOYSA-N;4245-35-6;{'mol2D': 'https://webbook.nist.gov/cgi/cbook.cgi?Str2File=C4245356', 'mol3D': 'https://webbook.nist.gov/cgi/cbook.cgi?Str3File=C4245356'};;;;;;;;
C111115;Methyl Caprylate;Octanoic acid, methyl ester;['Caprylic acid methyl ester', 'Methyl caprylate', 'Methyl n-octanoate', 'Methyl octanoate', 'Uniphat A20', 'n-Caprylic acid methyl ester', 'Methyl ester of octanoic acid', 'Methyl ester octanoic acid'];C9H18O2;9;158.238;InChI=1S/C9H18O2/c1-3-4-5-6-7-8-9(10)11-2/h3-8H2,1-2H3;JGHZJRVDZXSNKQ-UHFFFAOYSA-N;111-11-5;{'mol2D': 'https://webbook.nist.gov/cgi/cbook.cgi?Str2File=C111115', 'mol3D': 'https://webbook.nist.gov/cgi/cbook.cgi?Str3File=C111115'};236.5;466.59;;;;;;
C106321;Ethyl Caprylate;Octanoic acid, ethyl ester;['Ethyl caprylate', 'Ethyl octanoate', 'Ethyl octoate', 'Ethyl n-octanoate', 'Caprylic acid ethyl ester', 'n-Caprylic acid ethyl ester', 'Ethyl octylate', 'Ethyl ester of octanoic acid', 'octanoic acid ethyl ester (ethyl octanoate)', 'Ethyl ester octanoic acid'];C10H20O2;10;172.2646;InChI=1S/C10H20O2/c1-3-5-6-7-8-9-10(11)12-4-2/h3-9H2,1-2H3;YYZUSRORWSJGET-UHFFFAOYSA-N;106-32-1;{'mol2D': 'https://webbook.nist.gov/cgi/cbook.cgi?Str2File=C106321', 'mol3D': 'https://webbook.nist.gov/cgi/cbook.cgi?Str3File=C106321'};228.4;482.07;;653.86;;-570.0;-629.5;
C5458593;Isopropyl Caprylate;n-Octanoic acid isopropyl ester;['Octanoic acid, 1-methylethyl ester', 'Octanoic acid, isopropyl ester', 'iso-Propyl n-octanoate', 'Isopropyl octanoate', '2-Propyl octanoate', 'Isopropyl caprylate'];C11H22O2;11;186.2912;InChI=1S/C11H22O2/c1-4-5-6-7-8-9-11(12)13-10(2)3/h10H,4-9H2,1-3H3;WCGIIHOFOFCKSM-UHFFFAOYSA-N;5458-59-3;{'mol2D': 'https://webbook.nist.gov/cgi/cbook.cgi?Str2File=C5458593'};;;;;;;;
C589753;Butyl Caprylate;Butyl caprylate;['Caprylic acid n-butyl ester', 'n-Caprylic acid n-butyl ester', 'Octanoic acid, butyl ester', 'n-Butylcaprylate', 'Butyl octanoate', 'n-Butyl n-octanoate', 'n-Butyl octanoate'];C12H24O2;12;200.3178;InChI=1S/C12H24O2/c1-3-5-7-8-9-10-12(13)14-11-6-4-2/h3-11H2,1-2H3;PSXNDMJWRZYVTM-UHFFFAOYSA-N;589-75-3;{'mol2D': 'https://webbook.nist.gov/cgi/cbook.cgi?Str2File=C589753', 'mol3D': 'https://webbook.nist.gov/cgi/cbook.cgi?Str3File=C589753'};230.25;515.93;;;;;;
C1551424;Cyclohexyl Caprylate;Octanoic acid, cyclohexyl ester;['Cyclohexyl caprylate'];C14H26O2;14;226.355;InChI=1S/C14H26O2/c1-2-3-4-5-9-12-14(15)16-13-10-7-6-8-11-13/h13H,2-12H2,1H3;TXWXLLMVRVKQSO-UHFFFAOYSA-N;1551-42-4;{'mol2D': 'https://webbook.nist.gov/cgi/cbook.cgi?Str2File=C1551424', 'mol3D': 'https://webbook.nist.gov/cgi/cbook.cgi?Str3File=C1551424'};;;;;;;;
C110429;Methyl Caprate;Decanoic acid, methyl ester;['Capric acid methyl ester', 'Metholene 2095', 'Methyl caprate', 'Methyl caprinate', 'Methyl decanoate', 'Methyl-n-caprate', 'Uniphat A30', 'Methyl n-decanoate', 'n-Capric acid methyl ester'];C11H22O2;11;186.2912;InChI=1S/C11H22O2/c1-3-4-5-6-7-8-9-10-11(12)13-2/h3-10H2,1-2H3;YRHYCMZPEVDGFQ-UHFFFAOYSA-N;110-42-9;{'mol2D': 'https://webbook.nist.gov/cgi/cbook.cgi?Str2File=C110429', 'mol3D': 'https://webbook.nist.gov/cgi/cbook.cgi?Str3File=C110429'};260.4;497.12;;;;;;
C110383;Ethyl Caprate;Decanoic acid, ethyl ester;['Capric acid, ethyl ester', 'Ethyl caprate', 'Ethyl caprinate', 'Ethyl decanoate', 'Ethyl decylate', 'n-Capric acid ethyl ester', 'Ethyl ester of decanoic acid', 'Ethyl n-decanoate', 'NSC 8909'];C12H24O2;12;200.3178;InChI=1S/C12H24O2/c1-3-5-6-7-8-9-10-11-12(13)14-4-2/h3-11H2,1-2H3;RGXWDWUGBIJHDO-UHFFFAOYSA-N;110-38-3;{'mol2D': 'https://webbook.nist.gov/cgi/cbook.cgi?Str2File=C110383', 'mol3D': 'https://webbook.nist.gov/cgi/cbook.cgi?Str3File=C110383'};;516.98;;;;-612.0;-679.6;
C30673360;Butyl Caprate;Butyl caprate;['n-Capric acid n-butyl ester', 'Decanoic acid, butyl ester', 'Butyl decanoate', 'n-Butyl n-decanoate', 'n-Butyl decanoate'];C14H28O2;14;228.3709;InChI=1S/C14H28O2/c1-3-5-7-8-9-10-11-12-14(15)16-13-6-4-2/h3-13H2,1-2H3;ZRNCNTSXSYXHOW-UHFFFAOYSA-N;30673-36-0;{'mol2D': 'https://webbook.nist.gov/cgi/cbook.cgi?Str2File=C30673360'};;;;;;;;
C111820;Methyl Laurate;Dodecanoic acid, methyl ester;['Lauric acid, methyl ester', 'Metholene 2296', 'Methyl dodecanoate', 'Methyl dodecylate', 'Methyl laurate', 'Methyl laurinate', 'Methyl n-dodecanoate', 'Uniphat A40', 'NSC 5027'];C13H26O2;13;214.3443;InChI=1S/C13H26O2/c1-3-4-5-6-7-8-9-10-11-12-13(14)15-2/h3-12H2,1-2H3;UQDUPQYQJKYHQI-UHFFFAOYSA-N;111-82-0;{'mol2D': 'https://webbook.nist.gov/cgi/cbook.cgi?Str2File=C111820'};278.23;;;712.15;;;;
C1551402;Cyclohexyl Caprate;Decanoic acid, cyclohexyl ester;['Cyclohexyl caprate'];C16H30O2;16;254.4082;InChI=1S/C16H30O2/c1-2-3-4-5-6-7-11-14-16(17)18-15-12-9-8-10-13-15/h15H,2-14H2,1H3;FNQCJNQUVQXXJN-UHFFFAOYSA-N;1551-40-2;{'mol2D': 'https://webbook.nist.gov/cgi/cbook.cgi?Str2File=C1551402', 'mol3D': 'https://webbook.nist.gov/cgi/cbook.cgi?Str3File=C1551402'};;;;;;;;
C106332;Ethyl Laurate;Dodecanoic acid, ethyl ester;['Lauric acid, ethyl ester', 'Ethyl dodecanoate', 'Ethyl dodecylate', 'Ethyl laurate', 'Ethyl laurinate', 'Ethyl n-dodecanoate', 'Ethyl ester of dodecanoic acid', 'Ethyl n-dodecanote', 'Ethyl ester dodecanoic acid'];C14H28O2;14;228.3709;InChI=1S/C14H28O2/c1-3-5-6-7-8-9-10-11-12-13-14(15)16-4-2/h3-13H2,1-2H3;MMXKVMNBHPAILY-UHFFFAOYSA-N;106-33-2;{'mol2D': 'https://webbook.nist.gov/cgi/cbook.cgi?Str2File=C106332', 'mol3D': 'https://webbook.nist.gov/cgi/cbook.cgi?Str3File=C106332'};262.5;455.5;;;;;;
C10233133;Isopropyl Laurate;Dodecanoic acid, 1-methylethyl ester;['Isopropyl laurate', 'Dodecanoic acid methylethyl ester', 'Isopropyl dodecanoate'];C15H30O2;15;242.3975;InChI=1S/C15H30O2/c1-4-5-6-7-8-9-10-11-12-13-15(16)17-14(2)3/h14H,4-13H2,1-3H3;UJPPXNXOEVDSRW-UHFFFAOYSA-N;10233-13-3;{'mol2D': 'https://webbook.nist.gov/cgi/cbook.cgi?Str2File=C10233133'};;;;;;;;
C106183;Butyl Laurate;n-Butyl laurate;['Butyl laurate', 'Lauric acid butyl ester', 'Lauric acid n-butyl ester', 'Dodecanoic acid, butyl ester', 'Butyl dodecanoate', 'n-Butyl n-dodecanoate'];C16H32O2;16;256.4241;InChI=1S/C16H32O2/c1-3-5-7-8-9-10-11-12-13-14-16(17)18-15-6-4-2/h3-15H2,1-2H3;NDKYEUQMPZIGFN-UHFFFAOYSA-N;106-18-3;{'mol2D': 'https://webbook.nist.gov/cgi/cbook.cgi?Str2File=C106183', 'mol3D': 'https://webbook.nist.gov/cgi/cbook.cgi?Str3File=C106183'};266.31;;;;;;;
C6309519;Isopentyl Laurate;Isoamyl laurate;['Dodecanoic acid, 3-methylbutyl ester', 'Isopentyl laurate', 'Lauric acid, isopentyl ester', '3-Methylbutyl dodecanoate', 'iso-Amyl n-dodecanoate', 'Isoamyl dodecanoate'];C17H34O2;17;270.4507;InChI=1S/C17H34O2/c1-4-5-6-7-8-9-10-11-12-13-17(18)19-15-14-16(2)3/h16H,4-15H2,1-3H3;FVKRIDSRWFEQME-UHFFFAOYSA-N;6309-51-9;{'mol2D': 'https://webbook.nist.gov/cgi/cbook.cgi?Str2File=C6309519', 'mol3D': 'https://webbook.nist.gov/cgi/cbook.cgi?Str3File=C6309519'};;;;;;;;
C112629;Methyl Oleate;9-Octadecenoic acid (Z)-, methyl ester;['Oleic acid, methyl ester', 'Emery oleic acid ester 2301', 'Methyl cis-9-octadecenoate', 'Methyl oleate', '(Z)-9-Octadecenoic acid methyl ester', 'cis-9-Octyldecenoic acid, methyl ester', 'Emery, oleic acid ester', 'Methyl 9-octadecenoate, cis-', 'Oleic acid, methyl ester, cis-', 'Emerest 2801', 'Kemester 205', 'Methyl (Z)-9-octadecenoate', 'Emery 2301', 'Priolube 1400', 'Witconol 2301', '9-octadecenoic acid, methyl ester (Z)', 'cis-9-Octadecenoic acid, methyl ester', 'Methyl-cis-oleate', 'Methyl (Z)-9-oleate', '(Z)-9-Methyl octadecenoate', '9-Octadecenoic acid (9Z)-, methyl ester', 'ADJ 100', 'Edenor Me 90/95V', 'Edenor MeTiO5', 'Esterol 112', 'Exceparl M-OL', 'Nissan Unister M 182A', 'Phytorob 926-67', 'Priolube 1403', 'Unister M 182A', 'Methyl 9-octadecenoate', 'Methyl (9z)-9-octadecenoate', 'Emerest 2301 (Salt/Mix)', 'Kemester 213 (Salt/Mix)', 'Emery 2219 (Salt/Mix)'];C19H36O2;19;296.4879;InChI=1S/C19H36O2/c1-3-4-5-6-7-8-9-10-11-12-13-14-15-16-17-18-19(20)21-2/h10-11H,3-9,12-18H2,1-2H3/b11-10-;QYDYPVFESGNLHU-KHPPLWFESA-N;112-62-9;{'mol2D': 'https://webbook.nist.gov/cgi/cbook.cgi?Str2File=C112629'};;;;;;;-727.64;
C142778;Butyl Oleate;Oleic acid, butyl ester;['(Z)-9-Octadecenoic acid butyl ester', 'Butyl oleate', '9-Octadecenoic acid (Z)-, butyl ester', 'Advaplast 42', 'Hallco C-503 Plasticizer', 'Kessco 554', 'Kesscoflex BO', 'Wilmar Butyl Oleate', 'Witcizer 100', 'Witcizer 101', '9-Octadecenoic acid, butyl ester (Z)-', 'Plasthall 503', 'Uniflex byo', 'Butyl 9-octadecenoate, cis-', 'Emerest 2328', 'Kemester 4000', 'n-Butyl oleate', '9-Octadecenoic acid (9Z)-, butyl ester', 'Butyl cis-9-octadecenoate', 'Hallco C 503', 'Plasthall 914'];C22H42O2;22;338.5677;InChI=1S/C22H42O2/c1-3-5-7-8-9-10-11-12-13-14-15-16-17-18-19-20-22(23)24-21-6-4-2/h12-13H,3-11,14-21H2,1-2H3/b13-12-;WIBFFTLQMKKBLZ-SEYXRHQNSA-N;142-77-8;{'mol2D': 'https://webbook.nist.gov/cgi/cbook.cgi?Str2File=C142778', 'mol3D': 'https://webbook.nist.gov/cgi/cbook.cgi?Str3File=C142778'};;;;;;;;
C111626;Ethyl Oleate;Ethyl Oleate;['9-Octadecenoic acid (Z)-, ethyl ester', 'Oleic acid, ethyl ester', '(Z)-9-Octadecenoic acid ethyl ester', 'Ethyl cis-9-octadecenoate', 'Ethyl Z-9-octadecenoate', 'Ethyl (9Z)-9-octadecenoate', 'Ethyl oleate 1'];C20H38O2;20;310.5145;InChI=1S/C20H38O2/c1-3-5-6-7-8-9-10-11-12-13-14-15-16-17-18-19-20(21)22-4-2/h11-12H,3-10,13-19H2,1-2H3/b12-11-;LVGKNOAMLMIIKO-QXMHVHEDSA-N;111-62-6;{'mol2D': 'https://webbook.nist.gov/cgi/cbook.cgi?Str2File=C111626', 'mol3D': 'https://webbook.nist.gov/cgi/cbook.cgi?Str3File=C111626'};293.15;479.7;;;;;;
C22393868;Cetyl Oleate;9-Octadecenoic acid (Z)-, hexadecyl ester;['Oleic acid, hexadecyl ester', 'Cetyl oleate', 'Hexadecyl oleate', 'Palmityl oleate', 'Octadec-9-enoic acid hexadecyl ester, Z'];C34H66O2;34;506.8866;InChI=1S/C34H66O2/c1-3-5-7-9-11-13-15-17-19-20-22-24-26-28-30-32-34(35)36-33-31-29-27-25-23-21-18-16-14-12-10-8-6-4-2/h17,19H,3-16,18,20-33H2,1-2H3/b19-17-;JYTMDBGMUIAIQH-ZPHPHTNESA-N;22393-86-8;{'mol2D': 'https://webbook.nist.gov/cgi/cbook.cgi?Str2File=C22393868'};;;;;;;;
C3624122;n-propyl Stearate;n-propyl stearate;[];C21H42O2;21;326.557;InChI=1S/C21H42O2/c1-3-5-6-7-8-9-10-11-12-13-14-15-16-17-18-19-21(22)23-20-4-2/h3-20H2,1-2H3;BTAXGNQLYFDKEF-UHFFFAOYSA-N;3624-12-2;{'mol2D': 'https://webbook.nist.gov/cgi/cbook.cgi?Str2File=C3624122', 'mol3D': 'https://webbook.nist.gov/cgi/cbook.cgi?Str3File=C3624122'};;;;;;;;
C112618;Methyl Stearate;Methyl stearate;['Octadecanoic acid, methyl ester', 'Stearic acid, methyl ester', 'n-Octadecanoic acid, methyl ester', 'Kemester 9718', 'Methyl n-octadecanoate', 'Methyl octadecanoate', 'Metholene 2218', 'Emery 2218', 'Kemester 9018', 'Methyl ester of octadecanoic acid', 'Kemester 4516', 'NSC 9418', '172226-13-0', '172226-14-1', '218433-32-0', '28:0, Me ester'];C19H38O2;19;298.5038;InChI=1S/C19H38O2/c1-3-4-5-6-7-8-9-10-11-12-13-14-15-16-17-18-19(20)21-2/h3-18H2,1-2H3;HPEUJPJOZXNMSJ-UHFFFAOYSA-N;112-61-8;{'mol2D': 'https://webbook.nist.gov/cgi/cbook.cgi?Str2File=C112618', 'mol3D': 'https://webbook.nist.gov/cgi/cbook.cgi?Str3File=C112618'};311.36;;;;;;;
C111615;Ethyl Stearate;Octadecanoic acid, ethyl ester;['Stearic acid, ethyl ester', 'Ethyl n-octadecanoate', 'Ethyl octadecanoate', 'Ethyl stearate', 'Radia 7185', 'Ethyl ocatadecanoate', 'Ethyl octadecanoate (Ethyl stearate)'];C20H40O2;20;312.5304;InChI=1S/C20H40O2/c1-3-5-6-7-8-9-10-11-12-13-14-15-16-17-18-19-20(21)22-4-2/h3-19H2,1-2H3;MVLVMROFTAUDAG-UHFFFAOYSA-N;111-61-5;{'mol2D': 'https://webbook.nist.gov/cgi/cbook.cgi?Str2File=C111615', 'mol3D': 'https://webbook.nist.gov/cgi/cbook.cgi?Str3File=C111615'};305.8;;;;;;;
C123955;Butyl Stearate;Octadecanoic acid, butyl ester;['Stearic acid, butyl ester', 'n-Butyl octadecanoate', 'n-Butyl stearate', 'Apex 4', 'Butyl octadecanoate', 'Butyl stearate', 'Emerest 2325', 'Groco 5810', 'Kessco BSC', 'Kesscoflex BS', 'Polycizer 332', 'RC Plasticizer B-17', 'Starfol BS-100', 'Tegester butyl stearate', 'Wickenol 122', 'Witcizer 200', 'Witcizer 201', 'BS', 'Uniflex bys', 'ADK STAB LS-8', 'Kemester 5510', 'Kessco BS', 'Oleo-Coll LP', 'Oleoyl sarcosine', 'Priolube 1451', 'Radia 7051', 'Uniflex BYS-tech', 'Unimate BYS', 'Witconol 2326', 'NSC 4820'];C22H44O2;22;340.5836;InChI=1S/C22H44O2/c1-3-5-7-8-9-10-11-12-13-14-15-16-17-18-19-20-22(23)24-21-6-4-2/h3-21H2,1-2H3;ULBTUVJTXULMLP-UHFFFAOYSA-N;123-95-5;{'mol2D': 'https://webbook.nist.gov/cgi/cbook.cgi?Str2File=C123955'};;;;;;;;
C627883;Isopentyl Stearate;Octadecanoic acid, 3-methylbutyl ester;['Isopentyl stearate'];C23H46O2;23;354.6101;InChI=1S/C23H46O2/c1-4-5-6-7-8-9-10-11-12-13-14-15-16-17-18-19-23(24)25-21-20-22(2)3/h22H,4-21H2,1-3H3;WDQOEAOLRIMQDA-UHFFFAOYSA-N;627-88-3;{'mol2D': 'https://webbook.nist.gov/cgi/cbook.cgi?Str2File=C627883'};;;;;;;;
C112107;Isopropyl Stearate;Isopropyl stearate;['Octadecanoic acid, 1-methylethyl ester', 'Stearic acid, isopropyl ester', '1-Methylethyl octadecanoate', 'Wickenol 127', 'Octadecanoic acid, isopropyl ester', 'Revenge', 'Tegosoft S'];C21H42O2;21;326.557;InChI=1S/C21H42O2/c1-4-5-6-7-8-9-10-11-12-13-14-15-16-17-18-19-21(22)23-20(2)3/h20H,4-19H2,1-3H3;ZPWFUIUNWDIYCJ-UHFFFAOYSA-N;112-10-7;{'mol2D': 'https://webbook.nist.gov/cgi/cbook.cgi?Str2File=C112107', 'mol3D': 'https://webbook.nist.gov/cgi/cbook.cgi?Str3File=C112107'};;;;;;;;
C104074;Cyclohexyl Stearate;Cyclohexyl stearate;[];C24H46O2;24;366.6208;InChI=1S/C24H46O2/c1-2-3-4-5-6-7-8-9-10-11-12-13-14-15-19-22-24(25)26-23-20-17-16-18-21-23/h23H,2-22H2,1H3;NRVKWKPZZQHRSP-UHFFFAOYSA-N;104-07-4;{'mol2D': 'https://webbook.nist.gov/cgi/cbook.cgi?Str2File=C104074'};;;;;;;;
C1190632;Cetyl Stearate;Cetyl stearate;['Octadecanoic acid, hexadecyl ester', 'Stearic acid, hexadecyl ester', 'Hexadecyl octadecanoate', 'Hexadecyl stearate', 'Wickenol 121', 'n-Hexadecyl stearate', 'Schercemol CS', 'Palmityl stearate'];C34H68O2;34;508.9025;InChI=1S/C34H68O2/c1-3-5-7-9-11-13-15-17-19-20-22-24-26-28-30-32-34(35)36-33-31-29-27-25-23-21-18-16-14-12-10-8-6-4-2/h3-33H2,1-2H3;SSZBUIDZHHWXNJ-UHFFFAOYSA-N;1190-63-2;{'mol2D': 'https://webbook.nist.gov/cgi/cbook.cgi?Str2File=C1190632'};330.0;;;;;;;
C2315686;n-propyl Benzoate;n-Propyl benzoate;['Propyl benzoate', 'Benzoic acid n-propyl ester', 'Benzoic acid, propyl ester', 'Benzoate de propyle', 'Propyl benzenecarboxylate'];C10H12O2;10;164.2011;InChI=1S/C10H12O2/c1-2-8-12-10(11)9-6-4-3-5-7-9/h3-7H,2,8H2,1H3;UDEWPOVQBGFNGE-UHFFFAOYSA-N;2315-68-6;{'mol2D': 'https://webbook.nist.gov/cgi/cbook.cgi?Str2File=C2315686', 'mol3D': 'https://webbook.nist.gov/cgi/cbook.cgi?Str3File=C2315686'};;503.7;;;;;;
C93583;Methyl Benzoate;Benzoic acid, methyl ester;['Methyl benzoate', 'Clorius', 'Methyl benzenecarboxylate', 'Niobe oil', 'Oil of Niobe', 'Essence of niobe', 'Methylester kyseliny benzoove', 'Oxidate le', 'UN 2938', 'Methyl ester of benzoic acid', 'Oniobe oil', 'NSC 9394'];C8H8O2;8;136.1479;InChI=1S/C8H8O2/c1-10-8(9)7-5-3-2-4-6-7/h2-6H,1H3;QPJVMBTYPHYUOC-UHFFFAOYSA-N;93-58-3;{'mol2D': 'https://webbook.nist.gov/cgi/cbook.cgi?Str2File=C93583', 'mol3D': 'https://webbook.nist.gov/cgi/cbook.cgi?Str3File=C93583'};260.8;472.4;;;;-284.55;-333.9;
C93890;Ethyl Benzoate;Benzoic acid, ethyl ester;['Ethyl benzenecarboxylate', 'Ethyl benzoate', 'Benzoic ether', 'Essence of niobe', 'Ethylester kyseliny benzoove', '2-methoxy-1-phenyl-ethanone'];C9H10O2;9;150.1745;InChI=1S/C9H10O2/c1-2-11-9(10)8-6-4-3-5-7-8/h3-7H,2H2,1H3;MTZQAGJQAFMTAQ-UHFFFAOYSA-N;93-89-0;{'mol2D': 'https://webbook.nist.gov/cgi/cbook.cgi?Str2File=C93890', 'mol3D': 'https://webbook.nist.gov/cgi/cbook.cgi?Str3File=C93890'};239.0;485.0;;;;;;
C136607;Butyl Benzoate;Butyl benzoate;['Benzoic acid, butyl ester', 'n-Butyl benzoate', 'Benzoic acid n-butyl ester', 'Anthrapole AZ', 'Butylester kyseliny benzoove', 'DAI CARI XBN', 'Butyl ester of benzoic acid', 'Hipochem B-3-M', 'Marvanol Carrier BB', 'NSC 8474'];C11H14O2;11;178.2277;InChI=1S/C11H14O2/c1-2-3-9-13-11(12)10-7-5-4-6-8-10/h4-8H,2-3,9H2,1H3;XSIFPSYPOVKYCO-UHFFFAOYSA-N;136-60-7;{'mol2D': 'https://webbook.nist.gov/cgi/cbook.cgi?Str2File=C136607', 'mol3D': 'https://webbook.nist.gov/cgi/cbook.cgi?Str3File=C136607'};250.75;522.2;;;;;;
C939480;Isopropyl Benzoate;Benzoic acid, 1-methylethyl ester;['Benzoic acid, isopropyl ester', 'Isopropyl benzoate', 'Isopropylester kyseliny benzoove'];C10H12O2;10;164.2011;InChI=1S/C10H12O2/c1-8(2)12-10(11)9-6-4-3-5-7-9/h3-8H,1-2H3;FEXQDZTYJVXMOS-UHFFFAOYSA-N;939-48-0;{'mol2D': 'https://webbook.nist.gov/cgi/cbook.cgi?Str2File=C939480', 'mol3D': 'https://webbook.nist.gov/cgi/cbook.cgi?Str3File=C939480'};;491.21;;;;;;
C94462;Isopentyl Benzoate;1-Butanol, 3-methyl-, benzoate;['Isopentyl alcohol, benzoate', 'Isoamyl benzoate', 'Isopentyl benzoate', 'Benzoic acid isoamyl ester', 'Benzoic acid, isopentyl ester', 'Benzoic acid, 1-(3-methyl)butyl ester', '1-(3-Methyl)butyl benzoate', 'Benzoic acid, 3-methylbutyl ester', '3-Methyl-1-butyl benzoate', '3-Methylbutyl benzoate', '1-Butanol, 3-methyl-, 1-benzoate', 'NSC 9284'];C12H16O2;12;192.2542;InChI=1S/C12H16O2/c1-10(2)8-9-14-12(13)11-6-4-3-5-7-11/h3-7,10H,8-9H2,1-2H3;MLLAPOCBLWUFAP-UHFFFAOYSA-N;94-46-2;{'mol2D': 'https://webbook.nist.gov/cgi/cbook.cgi?Str2File=C94462', 'mol3D': 'https://webbook.nist.gov/cgi/cbook.cgi?Str3File=C94462'};;535.33;;;;;;
C93992;Phenyl Benzoate;Benzoic acid, phenyl ester;['Phenyl benzoate'];C13H10O2;13;198.2173;InChI=1S/C13H10O2/c14-13(11-7-3-1-4-8-11)15-12-9-5-2-6-10-12/h1-10H;FCJSHPDYVMKCHI-UHFFFAOYSA-N;93-99-2;{'mol2D': 'https://webbook.nist.gov/cgi/cbook.cgi?Str2File=C93992', 'mol3D': 'https://webbook.nist.gov/cgi/cbook.cgi?Str3File=C93992'};342.58;571.7;;;;-148.0;;-240.0
C2412739;Cyclohexyl Benzoate;Benzoic acid, cyclohexyl ester;['Cyclohexyl benzoate', 'Hexahydrophenyl benzoate'];C13H16O2;13;204.2649;InChI=1S/C13H16O2/c14-13(11-7-3-1-4-8-11)15-12-9-5-2-6-10-12/h1,3-4,7-8,12H,2,5-6,9-10H2;DQZKGSRJOUYVPL-UHFFFAOYSA-N;2412-73-9;{'mol2D': 'https://webbook.nist.gov/cgi/cbook.cgi?Str2File=C2412739', 'mol3D': 'https://webbook.nist.gov/cgi/cbook.cgi?Str3File=C2412739'};;;;;;;;
C614186;Ethyl Nicotinate;Ethyl nicotinate;['3-Pyridinecarboxylic acid, ethyl ester', 'Nicotinic acid, ethyl ester', 'β-Pyridinecarboxylic acid ethyl ester', 'Ba 2673', 'Ethyl 3-pyridinecarboxylate', 'Ignicut', 'Ignocut', 'Mucotherm', 'Nicaethan', 'Nikethan', 'Nikithan', '3-(Ethoxycarbonyl)pyridine', '3-Carbethoxypyridine', 'NSC 8872'];C8H9NO2;8;151.1626;InChI=1S/C8H9NO2/c1-2-11-8(10)7-4-3-5-9-6-7/h3-6H,2H2,1H3;XBLVHTDFJBKJLG-UHFFFAOYSA-N;614-18-6;{'mol2D': 'https://webbook.nist.gov/cgi/cbook.cgi?Str2File=C614186'};;497.2;;;;;;
C93607;Methyl Nicotinate;Methyl nicotinate;['3-Pyridinecarboxylic acid, methyl ester', 'Nicotinic acid, methyl ester', 'Methyl 3-pyridinecarboxylate', 'Nicometh', 'Nikomet', '3-(Methoxycarbonyl)pyridine', 'Methyl ester of pyridine-3-carboxylic acid', '3-(Carbomethoxy)pyridine', 'm-(Methoxycarbonyl)pyridine', 'NSC 13126', '123574-61-8'];C7H7NO2;7;137.136;InChI=1S/C7H7NO2/c1-10-7(9)6-3-2-4-8-5-6/h2-5H,1H3;YNBADRVTZLEFNH-UHFFFAOYSA-N;93-60-7;{'mol2D': 'https://webbook.nist.gov/cgi/cbook.cgi?Str2File=C93607', 'mol3D': 'https://webbook.nist.gov/cgi/cbook.cgi?Str3File=C93607'};;479.7;;;;;;
C6938063;Butyl Nicotinate;Butyl nicotinate;['n-Butyl nicotinate', 'Butyl 3-pyridinecarboxylate', 'Nicotinic acid n-butyl ester', '3-Pyridinecarboxylic acid, butyl ester', 'Ba 2674', 'Nicotinic acid butyl ester'];C10H13NO2;10;179.2157;InChI=1S/C10H13NO2/c1-2-3-7-13-10(12)9-5-4-6-11-8-9/h4-6,8H,2-3,7H2,1H3;DQULIMIQTCDUAN-UHFFFAOYSA-N;6938-06-3;{'mol2D': 'https://webbook.nist.gov/cgi/cbook.cgi?Str2File=C6938063', 'mol3D': 'https://webbook.nist.gov/cgi/cbook.cgi?Str3File=C6938063'};;;;;;;;
C553606;Isopropyl Nicotinate;Isopropyl nicotinate;['3-Pyridinecarboxylic acid, 1-methylethyl ester', 'Nicotinic acid, isopropyl ester', 'Nipyl'];C9H11NO2;9;165.1891;InChI=1S/C9H11NO2/c1-7(2)12-9(11)8-4-3-5-10-6-8/h3-7H,1-2H3;VSRSQDMWBSKNSF-UHFFFAOYSA-N;553-60-6;{'mol2D': 'https://webbook.nist.gov/cgi/cbook.cgi?Str2File=C553606', 'mol3D': 'https://webbook.nist.gov/cgi/cbook.cgi?Str3File=C553606'};;;;;;;;
C108883;Toluene;Toluene;['Benzene, methyl', 'Methacide', 'Methylbenzene', 'Methylbenzol', 'Phenylmethane', 'Antisal 1a', 'Toluol', 'Methane, phenyl-', 'NCI-C07272', 'Tolueen', 'Toluen', 'Toluolo', 'Rcra waste number U220', 'Tolu-sol', 'UN 1294', 'Dracyl', 'Monomethyl benzene', 'CP 25', 'NSC 406333', 'methylbenzene (toluene)'];C7H8;7;92.1384;InChI=1S/C7H8/c1-7-5-3-2-4-6-7/h2-6H,1H3;YXFVVABEGXRONW-UHFFFAOYSA-N;108-88-3;{'mol2D': 'https://webbook.nist.gov/cgi/cbook.cgi?Str2File=C108883', 'mol3D': 'https://webbook.nist.gov/cgi/cbook.cgi?Str3File=C108883'};178.1;383.8;41.0;593.0;3.16;49.37;12.0;
C142825;n-heptane;Heptane;['n-Heptane', 'Dipropylmethane', 'Heptyl hydride', 'Skellysolve C', 'n-C7H16', 'Eptani', 'Heptan', 'Heptanen', 'Gettysolve-C', 'NSC 62784'];C7H16;7;100.2019;InChI=1S/C7H16/c1-3-5-7-6-4-2/h3-7H2,1-2H3;IMNFDUFMRHMDMM-UHFFFAOYSA-N;142-82-5;{'mol2D': 'https://webbook.nist.gov/cgi/cbook.cgi?Str2File=C142825', 'mol3D': 'https://webbook.nist.gov/cgi/cbook.cgi?Str3File=C142825'};182.6;371.5;27.4;540.0;2.35;-188.55;-225.15;
